,0
2224,다소
2225,건방지게
2226,"
"
2228,비굴하게
2230,다치게
2231,하다
2234,함
2238,으로써
2240,다침
2242,다투거나
2245,우기
2246,다
2248,다투는
2251,것
2252,을
2255,모양
2258,소리
2260,다투다
2262,다툼
2265,닦달
2266,하
2267,거나
2269,단단히
2270,꾸짖어
2272,답답하고
2273,갑갑한
2276,분한
2279,분함
2282,안타깝게
2284,당하거나
2285,배척
2286,되다
2288,당한
2289,고통
2292,당황
2293,한
2295,대드는
2296,짓
2298,대들다
2300,대상
2302,무서워하여
2306,위협
2307,하기
2309,더러운
2312,데
2313,가
2316,도랑
2317,이라는
2320,때
2321,에
2327,무리
2330,점
2332,더러
2333,움
2335,더러워
2337,더러워져서
2339,더러워지거나
2341,더러워지다
2343,더러워진
2346,상태
2349,옷
2351,더럽게
2354,꼴
2355,로
2358,생각
2359,하고
2362,아첨
2366,여겨져
2368,더럽고
2371,궁상스러운
2374,치사하여
2376,더럽다
2378,더럽혀서
2380,더럽혀진
2383,물
2385,더럽히는
2388,일
2395,더럽히다
2397,더부룩이
2399,더부룩하고
2401,더부룩하다
2403,더욱
2404,심해지는
2406,더위
2408,괴로워하는
2410,덤벼
2411,들어
2413,덤비거나
2415,덤비는
2419,덤비다
2421,덩이
2423,볼품
2424,없이
2426,도둑
2428,맞은
2430,도둑질
2436,도리
2438,없다
2446,어그러지고
2450,어긋남에도
2452,도박
2453,에서
2454,져서
2456,도중
2458,실패
2461,독
2464,작용
2466,독사
2468,독살
2469,스러운
2477,이
2479,독차지
2482,독하거나
2484,독한
2487,냄새
2489,돈
2491,빼앗기거나
2495,축
2496,냄
2498,돌겠네
2500,돌
2501,과
2502,같은
2503,머리
2504,라는
2506,동작
2508,거칠게
2510,되는
2511,서러운
2513,되는대로
2514,지껄이다
2517,팽개치
2520,되바라지게
2523,행동
2524,하는
2530,되지
2531,못
2534,되지못한
2541,희
2542,떠운
2544,두려운
2547,마음
2555,인물
2558,두려움
2561,따위
2562,를
2565,으로
2572,주는
2575,이나
2577,두려워
2579,두려워서
2582,몸
2585,두려워하는
2588,병
2590,두려워하여
2593,경계
2599,두렵거나
2602,무서워
2605,싫어서
2608,춥거나
2611,흥분
2613,두렵고
2616,무서움
2618,두렵다
2620,두창
2625,앓을
2627,두통
2629,둔하고
2630,미련
2633,뒤
2634,끓다
2637,떨어져
2640,떨어지거나
2644,모자라다
2651,뒤지어
2652,훔치다
2654,뒤틀리다
2656,뒤틀리어서
2658,듣기
2659,거북하게
2662,거북한
2665,싫게
2668,싫도록
2671,싫은
2673,들끓다
2675,들
2676,볶거나
2677,번거롭게
2680,앓는
2682,들지
2683,아니하거나
2686,아니하여
2688,들추어내어
2689,일러
2690,바치
2693,따돌리거나
2694,멀리
2697,따돌림
2706,당하여
2708,따르지
2709,않고
2713,성가시고
2717,아프고
2719,따지며
2720,싸우다
2722,딱딱한
2723,말씨
2726,딱하고
2729,불쌍하게
2731,딱하다
2733,딱하여
2735,딱한
2738,사정
2746,형편
2753,딱함
2757,찌들어서
2759,때려
2760,죽
2761,여서
2763,떠벌리다
2765,떡실신
2767,떳떳하지
2774,하게
2782,하여
2788,또는
2789,슬프게
2791,또
2792,라이
2794,똥꼬
2795,충
2797,뜻대로
2807,않아
2810,안
2811,되거나
2813,뜻
2819,맞지
2822,띠
2823,꾸
2825,마구
2826,가두거나
2829,내버리거나
2832,다그치다
2836,볶다
2839,때림을
2842,떠들거나
2845,떠들어
2848,죄
2849,어
2850,들거나
2853,죽이는
2860,죽임을
2863,지껄이는
2866,쳐
2867,부수
2868,는
2871,헐뜯는
2874,헝클어지거나
2877,화
2878,풀이
2881,마땅하지
2882,않은
2884,마비
2889,병증
2891,마음속
2893,답답하여
2897,근심
2903,아니하다
2913,아니하여서
2918,않거나
2923,않다
2932,멍
2938,못마땅하거나
2942,못마땅하여
2946,못마땅할
2950,미안하게
2954,미안하고
2958,미안하다
2962,미안함
2971,언짢고
2975,언짢아서
2984,좀
2985,스럽게
2989,놓을
2990,수
2991,없게
2995,상하
2996,게
2999,의
3000,괴로움
3005,거북하다
3009,괴로운
3013,괴롭고
3017,구슬
3018,퍼질
3031,몹시
3032,상함
3036,무거워지다
3040,불안하거나
3044,불안하게
3048,불안하다
3052,불안한
3056,불편하고
3060,불편하여
3078,서운하거나
3082,슬프다
3086,쓰리고
3094,아프다
3098,아픈
3102,아플
3106,안타깝거나
3114,언짢게
3126,언짢아지다
3130,우울하게
3134,조급하여
3138,좁고
3142,좁아
3146,지치어
3150,초조하고
3159,초조한
3163,초초
3166,마이너스
3168,막
3169,되게
3180,되어
3182,막막하게
3184,막막하다
3186,막연하다
3188,막혀
3190,막히는
3200,장애물
3203,막히다
3205,막힌
3206,듯이
3208,많이
3209,무질서
3217,상해
3218,서
3220,말다툼
3223,말대꾸
3226,말대답
3231,하며
3233,말라
3234,죽은
3246,말
3248,부정
3258,함부로
3262,버릇
3263,없고
3265,망상
3267,망신
3277,망치는
3281,망치
3284,망하는
3289,망하다
3291,망할
3297,맞
3298,갖지
3299,않게
3305,맞추기
3306,힘들
3310,만큼
3312,매독
3314,매독균
3319,침입
3322,매
3324,때리는
3326,매몰
3327,차게
3330,차고
3333,섭
3335,공격
3343,매스껍
3344,고
3346,매슥매슥
3349,매우
3350,가난하여
3353,가쁘
3357,가소롭게
3360,가소롭다
3363,간지럽고
3366,거만하게
3369,거만하고
3372,거친
3378,거칠고
3381,거칠다
3384,경망
3389,스럽고
3396,경박하다
3403,괴로워하다
3406,괴롭다
3409,교만하고
3412,굼뜨
3416,귀찮을
3423,근
3424,지
3425,럽
3429,급하게
3432,급하고
3435,까다로운
3438,까다롭게
3441,까다롭다
3444,깔깔하며
3447,나빠지거나
3450,난폭하거나
3453,눈꼴
3454,사납고
3457,느끼하다
3460,느리고
3463,능청
3467,답답하다
3470,더운
3473,떨어지고
3476,멋
3480,멍한
3483,메스껍고
3486,메스껍다
3489,모질고
3493,된
3496,못마땅해하면서
3499,못마
3500,해하면서
3503,미
3504,덥지
3511,밉
3512,살
3516,방정
3517,맞게
3520,복잡하게
3523,부산한
3529,비속
3534,빤
3539,뻔뻔스럽고
3542,서먹서먹하게
3545,성기
3549,소란
3553,소스
3554,라
3555,치
3560,더분하거나
3563,시끄럽고
3566,신경질
3567,적
3571,심한
3574,심함을
3580,알
3581,짤
3582,지근
3593,애
3597,애통할
3600,약한
3603,얄밉게
3606,어려운
3609,어리석고
3612,어리석은
3615,어수선하게
3618,어수선하다
3621,어지러우며
3624,어지럽게
3627,어찔어찔한
3630,엉
3631,성하고
3635,성한
3638,옹졸하고
3641,요란
3645,요란하게
3648,우락부락하고
3651,우물쭈물
3655,우악스러운
3658,위태롭거
3659,나
3662,위태
3664,여
3667,인색한
3670,자리
3675,저린
3678,절
3679,면서
3682,추운
3685,치사하고
3688,허전하고
3691,허전하다
3694,허전한
3697,흉하게
3700,흐리
3701,멍덩
3711,힘들게
3714,힘없이
3716,매질
3727,맥
3731,없는
3738,느리게
3742,주저앉거나
3746,폭
3750,빠져
3754,풀려
3758,풀리거나
3762,풀리다
3766,풀림
3768,맺힌
3769,노여움
3774,어지러워
3779,울리고
3785,머
3786,저리
3788,먹기
3799,걷는
3811,우쭐
3831,흔들리는
3835,흔들리다
3841,멍청이
3843,멍청하거나
3845,멍청하고
3847,멍청하다
3849,멍청한
3855,사람
3858,정도
3861,메말라
3863,메스꺼움
3865,메스꺼워
3868,구역질
3872,토
3881,느끼해지다
3885,메슥메슥
3893,느낌
3896,멘붕
3898,면색
3904,멸망
3905,시키다
3907,멸망함
3909,멸명되
3912,멸시
3915,감
3918,당하는
3934,멸
3937,멸여되
3940,멸여하
3943,명망
3945,잃거나
3949,잃다
3953,잃음
3955,명예
3956,훼손
3958,명예롭
3963,명
3964,존세
3966,모두
3970,지쳐
3978,흉하고
3980,모욕
3989,모조리
3990,파괴
3998,훔치거나
4000,모진
4006,모질게
4011,억세다
4014,잔인한
4016,모질다
4018,모짊
4020,목구멍
4022,걸려
4024,목숨
4026,끊다
4030,거의
4039,생태
4043,얼마
4044,남지
4051,울
4053,몰아
4054,붙이듯이
4061,몰아쳐서
4063,몸살
4064,나다
4076,불편하거나
4080,불편하다
4088,불편함
4091,져
4092,눕게
4097,만들다
4101,눕는
4110,가난하고
4116,가난한
4119,가렵
4127,갑갑하고
4130,거북
4134,거북하거나
4146,거칠어
4149,겁
4153,게으름
4161,고단
4169,고생
4186,괴롭히거나
4189,구속
4193,군색
4197,군소리
4201,굳은
4208,궁
4212,귀찮게
4215,귀찮아하도록
4218,긴장
4223,까불어서
4226,까칠하다
4229,꺼불다
4232,꺼칠하다
4235,난처하거나
4238,낡고
4241,노엽거
4245,노
4249,놀라
4252,놀라거나
4261,답답한
4264,더듬는
4290,키
4297,뜨거운
4300,뜨겁다
4314,살게
4317,무덥고
4320,무서운
4323,무섭거나
4343,미움
4347,바쁘게
4354,분하거나
4357,분하고
4360,분하여
4363,불평
4370,사나운
4373,사납다
4376,살기
4383,상한
4389,샐
4390,그러
4391,뜨
4392,리
4393,며
4396,샘
4397,바르고
4400,서두르며
4403,성
4407,소란하고
4410,소
4411,모되
4415,수척하다
4418,쉬거나
4421,슬퍼하면서
4427,슬프고
4433,시끄럽다
4436,시들한
4439,시장
4444,시큰둥한
4447,싫어하는
4450,싫어하여
4453,싫어함을
4456,심하게
4459,심하여
4465,싱겁게
4468,싸늘한
4471,쑤시고
4477,씁쓰레하게
4480,아니꼽다
4483,아리
4487,아쉽다
4490,아프거나
4493,아프게
4502,악독하게
4505,악한
4514,앓다
4517,앓음
4520,암
4521,상
4529,애쓰다
4532,야위고
4535,야윈
4538,약하여지는
4541,어긋나고
4547,어색하거나
4556,어수선한
4562,어지럽고
4565,억
4566,누르는
4570,누르다
4573,억울하거나
4576,언짢거나
4579,얼떨떨하다
4582,얽은
4585,여윈
4588,외로워
4592,요망
4596,우물거리며
4603,우직
4607,울렁거리는
4610,울렁거리다
4613,원망
4617,원망하듯
4621,로움
4624,자지러지게
4627,지저분하게
4633,지쳐서
4636,지치거나
4639,지친
4642,찡그리다
4645,참혹함을
4648,초라하다
4651,취하
4655,침침해지다
4658,탄식
4662,피곤하거나
4665,피로하여
4668,하찮고
4671,해지
4675,허둥거리는
4678,허약할
4681,허약해진
4690,호
4694,화가
4697,화나게
4704,흉악하게
4707,흉악하다
4710,흉악한
4713,흉악함
4716,흉하거나
4719,흐려지다
4728,흥분하거나
4731,힘겹게
4734,힘들거나
4736,몹쓸
4743,견디게
4746,견디다
4752,되도록
4755,나게
4758,나고
4761,난
4779,수단
4785,못난이
4788,남
4791,났다
4798,굴어
4805,꾀
4824,성품
4839,입
4843,장난
4857,못마땅하게
4860,노려보다
4863,여겨
4866,여기는
4869,여기
4873,여기어
4876,여김
4879,여김을
4881,못마땅하다
4883,못마땅하며
4892,기분
4896,시들하다
4898,못마땅하여서
4899,내는
4901,못마땅한
4931,구
4936,군
4937,다는
4941,굴거나
4945,굴다
4949,굴
4953,생겨서
4960,생겼다
4963,생기다
4966,생김
4986,방해
4994,하겠다고
4998,버티다
5005,나쁘다
5015,실없이
5019,어물어물
5029,쪼들리게
5033,허
5034,술
5039,결점
5050,하도록
5051,억지로
5055,당하다
5059,안타깝다
5063,어수선하고
5073,이다
5080,몽땅
5081,빼앗거나
5084,없애다
5086,무가치하고
5089,무의미하게
5091,무거운
5092,걸음
5096,기운
5100,발걸음
5104,분위기
5107,무겁고
5108,투
5109,박하다
5111,무관심하다
5113,무기
5114,력
5120,무너
5121,뜨리다
5123,무너지게
5128,무너지는
5134,무너지다
5136,무너짐
5138,무뇌충
5140,무단
5141,결석
5146,무더위
5149,무
5150,디다
5152,무례하다
5154,무례한
5168,무례함
5170,무분별
5176,꿈
5190,무서울
5199,때문
5207,느낄
5211,무서워서
5214,간신히
5217,지르는
5219,무서워하는
5222,증상
5229,놀라서
5235,아파서
5238,징그러울
5241,차가
5246,추워서
5248,무섭고
5251,끔찍하다
5254,끔찍한
5259,무섭기까지
5261,무섭다
5263,무시
5266,무안
5277,무안하거나
5279,무안하고
5282,부끄럽게
5285,부끄럽다
5287,무엇
5289,보고
5290,도
5291,제대로
5304,무의미하다
5307,의하다
5309,무자비하다
5311,무정한
5317,무지하고
5320,포악하며
5323,하찮은
5330,고부
5336,몰려드는
5340,부러지거나
5344,일어나는
5354,정치
5356,무책임
5358,무책임하다
5360,문란하게
5362,물건
5364,훔쳐
5368,훔치려고
5372,훔친다는
5374,뭐
5376,워
5378,자꾸
5380,미개하여
5382,미개한
5408,아니하고
5412,아니한
5423,남아
5434,험상궃
5435,은
5457,딱하게
5462,미안하여
5463,어색하다
5465,미운
5468,듯
5482,얼굴
5494,받을
5499,만
5502,미워하고
5505,깎아
5506,내리려
5509,꺼림
5511,미워하는
5514,감정
5517,기색
5526,미워하다
5528,미워할
5530,미워함
5532,미워함을
5535,이르는
5537,미워해
5539,미천한
5545,미치겠다
5547,미친
5551,처럼
5554,증세
5557,미혹
5564,믿지
5574,할
5579,밉게
5586,보이는
5589,생긴
5592,여기거나
5597,밉다
5616,달라붙어
5621,이리저리
5627,재
5628,깔이며
5633,지껄이며
5642,짓궃
5645,바보
5647,박탈
5648,되고
5662,박할
5664,박할하다
5666,반기
5668,않는
5670,반대
5677,반란
5679,반반하게
5684,반발
5687,반신불수
5694,반역
5701,꾀함
5703,반항
5707,하려는
5717,받는
5721,벌
5724,재앙
5727,해
5729,받아들여지지
5732,받아들이
5733,기
5734,는커녕
5736,받아들이지
5739,발기
5740,불능
5742,발끈
5746,발끈대다
5748,발육
5750,장애
5753,발작
5755,밥
5767,계속
5771,까불거나
5775,까불며
5779,오
5780,몰
5781,거리
5786,움직이거나
5790,움직
5791,이며
5799,맞고
5811,떠는
5815,떨다
5817,방탕하게
5820,놀기를
5823,놀아나는
5825,방탕하고
5827,방탕한
5830,기질
5851,방
5852,해하거나
5856,막다
5863,악업
5868,조건
5883,하던
5895,배
5897,곯다
5899,배반
5903,반함
5905,배신
5911,배은망덕
5919,배탈
5921,버겁다
5923,버
5924,그러져
5927,그러진
5938,버려
5939,두어
5941,버려지다
5969,경솔하게
5980,태도
5989,까부는
5993,까불다
6007,흔들거나
6011,없거나
6017,버리다
6019,버린다는
6021,버젓하
6026,버티거나
6030,번거로운
6041,번거롭다
6062,받다
6064,범인
6066,범죄
6069,사실
6073,행위
6081,인해
6088,저지르도록
6092,저지른
6103,가담
6104,시키거나
6108,의하여
6110,범죄자
6116,인
6123,법률
6125,위반
6128,법
6133,벗어나
6134,틀어지다
6136,벼슬
6146,변변찮
6154,변
6155,변치
6166,변하지
6175,변사
6178,볍신
6186,병독
6190,옮
6191,아
6193,병든
6199,병들거나
6201,병들어
6203,병세
6208,지독하여
6210,병신
6215,다름없는
6225,인하여
6232,앓거나
6236,앓고
6252,나거나
6260,나서
6268,생겨
6272,잦음
6279,과로
6284,병적
6295,싫어하고
6302,강박
6316,보기
6320,사납게
6329,흉할
6333,가량
6338,가엾고
6359,부끄러운
6363,싫다
6371,야
6372,멸치
6381,언짢을
6385,욕심
6390,짜증
6395,천하고
6399,흉하다
6401,보잘
6421,솜씨
6422,와
6430,없음
6449,작다
6451,복잡하거나
6452,엄격하여
6454,복통
6459,일으키는
6461,볼것이
6464,볼쌍
6467,볼썽
6487,흐트러지
6494,봉변
6500,부담
6502,부담스러운
6504,부담스럽다
6506,부당하거나
6508,부당하게
6511,가로
6512,채어
6514,부도덕
6516,부러지다
6518,부상
6520,부서지다
6522,부위
6524,아프면서
6526,부인
6529,부자연스러
6532,부자연스럽다
6534,부작용
6541,나타나기도
6543,부적
6544,격
6546,부적절하다
6555,함께
6562,나타내는
6569,금지
6574,비리
6591,내용
6615,표현
6618,부정직
6628,하려
6651,핀잔
6659,대답
6662,부조리
6664,부조화
6666,부족한
6668,부진
6670,부진하다
6672,부질없다
6674,부질없이
6676,분간
6687,어렵다
6689,분개하다
6691,분개하여
6696,분개할
6701,분격
6706,분나
6711,분노
6722,불만
6724,분노하다
6726,분노함
6728,분수
6733,모르고
6740,허황
6745,넘치게
6749,넘치는
6756,아니하게
6763,분
6773,분탄
6776,분탕
6778,분탕질
6780,분통
6783,스럽다
6785,분풀이
6789,분하게
6801,여운
6807,억울하다
6810,억울함
6813,원통
6819,분하다
6849,불건전
6854,불결하다
6856,불결한
6859,성관계
6863,음식
6869,불경기
6871,불균형
6873,불길하거나
6875,불길하다
6877,불길한
6882,불끈
6889,불량
6900,자
6908,불량하다
6910,불량한
6921,불량화소
6923,불리한
6943,스럽거나
6962,스레
6975,있어
6977,불만족
6992,투성이
6997,불면증
6999,불명예
7001,불법
7004,체류
7015,들어가거나
7027,가져감으로써
7029,불법체류
7031,불신
7042,불쌍하고
7045,가련하게
7048,가련한
7050,불쌍하다
7052,불쌍하여
7059,슬픈
7061,불쌍한
7071,불쌍함
7073,불쌍히
7083,여긴다는
7085,불안
7088,초조
7090,불안감
7095,불안전
7098,불안정하게
7100,불안정한
7108,걷다
7115,불안하여
7118,어찌
7137,불안해하는
7142,불안히
7144,불
7146,닿은
7148,불충분
7150,불충분하거나
7152,불충분하다
7154,불충분한
7156,불치
7159,불쾌감
7166,있으며
7168,불쾌
7174,불쾌하게
7180,불쾌하다
7182,불쾌하다고
7188,불쾌한
7195,말로
7198,정서
7201,불쾌히
7203,불편
7209,편리하다
7219,불편하게
7224,우울하다
7228,불편하며
7232,불편한
7237,불편할
7251,불평등
7253,불평등하다
7256,스러워
7268,토달
7274,투덜거리는
7278,투덜거리다
7285,가지
7290,늘어놓는
7294,늘어놓다
7298,늘어놓은
7302,부리는
7306,부리
7316,품고
7320,품은
7338,조의
7346,판
7358,불합격
7363,불량품
7365,불합리
7367,불행
7370,불행하거나
7373,재수
7376,불행하게
7379,죽다
7381,불행하다
7383,불행한
7389,불협화음
7391,불화
7393,불황
7395,불효
7397,붓고
7398,아프며
7400,붙어
7401,싸우는
7403,비관
7423,비굴하다
7425,비굴할
7431,비극
7433,비꼬는
7441,비꼬다
7443,비난
7457,조로
7465,이르던
7485,비련
7492,저지르는
7494,비만
7497,환자
7499,비방
7509,사물
7517,비싸다
7519,비싼
7522,값
7525,비아
7526,냥
7532,대다
7544,조
7550,비열하다
7552,비열한
7554,비웃거나
7555,빈정거릴
7560,비위
7568,비참
7570,비참하다
7572,비참한
7574,비참히
7576,비
7577,추천
7579,비탄
7584,비통하다
7586,비합리적
7589,현실
7591,비현실적
7594,효율
7600,빈대
7602,빈정거리는
7611,빈정거리다
7613,빈정거리며
7616,놀리는
7619,놀리다
7629,빌
7634,빌하는
7641,빌하다
7643,빚
7650,짐
7653,지다
7655,빛
7657,잃어
7659,빡도
7660,네
7662,빡돌다
7664,빡세
7670,빡치네
7672,빡치다
7675,빤스럽게
7679,놀기만
7691,빤하게
7697,빼
7698,돌려
7702,내다
7706,빼앗기
7710,빼앗기고
7712,빼앗는
7722,빼앗다
7724,빼앗아
7736,빼앗으려고
7739,벼르
7742,뺀질
7745,뻔뻔스러운
7747,뻔뻔스럽게
7754,뻔
7755,뻔하게
7758,뻔하다
7760,뼈마디
7769,삐
7770,딱
7781,삐뚤거리다
7783,삐뚤
7786,삐뚤어져서
7789,가지런하지
7791,삐뚤어지다
7793,삐죽
7802,박한
7804,삐죽이
7806,사고나다
7808,사고
7812,사납거나
7819,답지
7825,낮
7826,잡아
7830,내쫓아
7845,속
7850,업신
7861,처벌
7866,죽음
7876,죽어서
7880,짐승
7885,사리
7887,어긋나게
7892,두운
7900,사망
7903,사멸
7910,사무치게
7919,사사로운
7922,사세난
7923,연
7926,연하다
7928,사악하다
7930,사악한
7933,모의
7935,사치스러운
7937,사형
7942,처
7947,처함
7952,해지다
7954,사회
7956,혼란
7959,삭막하다
7964,있고
7967,힘든
7969,살림
7971,어렵고
7973,살인자
7975,살인죄
7982,살해
7986,됨
7989,됨을
7994,상대
7999,상대편
8004,상서롭
8026,상습범
8028,상심
8031,심하다
8033,상처
8041,많아
8045,생기
8061,내면
8065,내어
8069,입게
8073,입다
8077,입히다
8081,입힘
8085,입힘으로써
8089,나쁘거나
8149,상혼
8160,아득하다
8183,없어
8187,없어져
8191,없어지다
8197,생활
8199,곤궁
8202,서글퍼지다
8204,서글프다
8206,서글픔
8209,글피
8216,서러움
8218,서러워하다
8220,서러이
8222,서럽게
8228,서럽다
8230,서로
8233,서운
8242,서운하게
8248,서운하고
8251,아깝다
8253,서운하다
8255,서운한
8267,서운함
8269,서운히
8271,선뜻
8272,내
8277,설움
8284,겨워
8294,북받쳐
8296,섬뜩
8302,섬뜩하다
8306,섭섭
8309,섭섭하거나
8320,섭섭하고
8324,언짢다
8326,성가시게
8339,달라붙어서
8353,귀찮다
8355,성가시다
8357,성가시어
8359,성가실
8365,성격
8369,성나다
8371,성난
8381,성내다
8383,성내어
8385,성립
8393,성미
8401,무르
8419,내며
8431,왈칵
8435,잘
8442,성의
8465,성질
8477,거세
8486,깐깐하여
8490,깐작깐작
8495,악하고
8499,음흉한
8501,세력
8505,세상
8513,종말
8519,세속
8524,세월
8526,허비하는
8528,소동
8534,일으킴
8546,형세
8548,소란스러움
8555,떠드는
8573,이는
8575,소란하게
8578,떠벌리는
8585,소란해지거나
8587,소름
8589,소름끼치는
8596,끼치는
8600,끼치다
8604,끼치도록
8608,끼칠
8612,돋는
8619,소외
8627,소용없다
8629,소용없이
8631,소용
8633,없
8634,음
8637,소홀
8639,소홀하게
8641,소홀하다
8643,소홀히
8659,속박
8665,속상하다
8667,속셈
8677,으로만
8682,썩
8687,썩임
8691,태우다
8695,태우며
8699,태움
8701,속이
8708,끓는
8711,느글거리
8722,느끼해지는
8734,답답함
8755,부글
8796,좁다
8799,찌르듯이
8802,타는
8804,속이거나
8807,이고
8815,이기
8819,위
8822,속이는
8830,속이려는
8833,모략
8842,속인다는
8848,속임
8850,속임수
8853,태
8855,손상
8867,입음
8875,치욕
8877,손실
8879,생길
8881,손해
8884,배상
8905,끼치거나
8913,보거나
8917,보다
8921,보아
8926,봄
8935,송구
8943,망설이며
8945,쇠멸
8948,쇠약한
8954,쇠약해져서
8956,쇠약해지는
8961,쇠약해진
8968,지경
8971,쇠잔
8974,쇠퇴하여
8980,쇠퇴한
8983,제도
8986,쇠
8987,하여지다
8989,수면
8990,부족
8992,수준
8994,낮다
8998,낮은
9003,낮아지다
9007,수치
9018,순간
9022,미는
9024,순
9026,롭
9028,하지
9045,순진하고
9048,순탄
9061,순하고
9062,어리석다
9064,순하지
9067,순환
9072,숨
9073,막히듯이
9075,숨소리
9077,고르지
9091,가빠
9099,막힐
9107,차는
9111,차서
9115,쉰
9125,쉽게
9130,스산
9133,스트레스
9135,슬퍼
9137,슬퍼서
9140,울거나
9142,슬퍼져서
9144,슬퍼지다
9146,슬퍼하고
9149,가슴
9151,슬퍼하다
9169,끝나는
9176,우는
9179,한탄
9195,끔찍하게
9201,끔찍함
9204,아까
9210,슬프기
9213,그
9224,슬프
9238,슬플
9243,슬픔
9253,느끼다
9263,걱정
9267,연민
9270,슬피
9273,울부짖음
9279,시기하고
9282,시기하는
9288,시기하다
9290,시기하여
9292,시기함
9294,시끄럽거나
9296,시끄럽게
9302,떠들고
9305,떠들다
9308,오락가락
9314,부산하게
9318,시끌시끌한
9321,시달리다
9323,시달림
9325,시달림으로
9327,시
9331,시대
9336,시든
9339,풀
9342,시들고
9346,라서
9348,시들다
9350,시들대다
9352,시들면서
9354,시들시들
9357,잘아
9359,시들어
9361,시들어서
9364,우그러지고
9366,시들하게
9379,시들해져서
9382,싫증
9385,시련
9387,많다
9389,시름시름
9397,시름
9408,시망
9410,시무
9411,룩
9413,시무룩하다
9416,묵
9420,시비
9423,걸기를
9438,시새움
9440,시샘
9449,시시하다
9451,시시한
9453,시원찮다
9455,시체
9458,신경
9459,쇠약
9466,신중히
9471,신체
9476,싣기
9479,실
9494,실망
9500,낙담
9503,낙담하다
9511,실망하다
9513,실망한
9515,실망함
9517,실속
9534,없으면서
9552,실심
9557,실없거나
9559,실없고
9561,실없는
9578,실없다
9583,건드려
9599,꺼불
9619,이야기
9630,돌아가다
9634,돌아감
9636,실패하거나
9638,실패함을
9640,실하지
9648,싫거나
9651,언짢은
9656,떠들썩하다
9662,싫고
9666,싫다고
9668,싫다는
9669,표시
9674,싫어나다
9678,싫어지거나
9680,싫어지다
9702,싫어하다
9708,싫어해
9730,체
9734,환경
9737,싫을
9743,싫이
9778,심각
9781,심각하게
9787,심각한
9793,심리
9796,충격
9798,심술
9800,심술궂
9807,궂다
9817,심술꾸러기
9856,심술쟁이
9858,심오하다
9860,심장
9861,질환
9863,심장마비
9865,심장병
9871,심하거나
9874,지나치다
9880,박하
9884,기울어지는
9887,기울어지며
9893,놀러
9912,크러
9913,질
9920,썩거나
9926,어지러워지는
9932,욕
9942,을러대
9946,일어나다
9949,짓눌러
9952,트림
9956,풍기는
9959,학대
9964,심하면
9970,피
10003,아픔
10006,압박
10011,추위
10015,통증
10022,혐오
10029,심히
10030,모자라는
10040,싸움
10042,패
10045,쌓인
10050,원한
10054,음기
10058,썩는
10063,썩어서
10070,쏘아
10071,붙이는
10077,쑤시듯
10080,쑤시듯이
10083,쓰라리다
10085,쓰라린
10088,경험
10099,쓰라림
10105,쓰러져
10107,쓰러지거나
10109,쓰러지다
10111,쓰러질
10144,쓰리다
10146,쓰리며
10149,쓰며
10151,쓰지
10152,아니
10155,쓸데없거나
10157,쓸데없는
10179,쓸데없다
10181,쓸데없
10190,쓸데없이
10193,지루하게
10196,집
10205,쓸모
10223,쓸모없다
10225,쓸모없이
10227,쓸쓸하게
10229,쓸쓸하고
10235,외로운
10240,쓸쓸하다
10242,쓸쓸한
10249,등불
10253,밤
10256,쓸쓸함
10258,쓸쓸히
10261,자는
10263,아니꼬운
10269,아니꼬울
10272,아니꼽거나
10281,가볍다
10284,걱정스럽다
10294,면
10307,조마조마하게
10310,조마조마하다
10313,조마조마한
10316,조마조마함
10332,한다고
10335,아둔하고
10338,약
10339,빠르지
10352,아무
10353,값어치
10355,의의
10379,없어서
10386,아아
10391,아주
10392,고통스럽거나
10398,꺼리는
10436,야단
10447,저
10451,지겹도록
10456,아파
10459,오다
10464,애달프게
10467,얄미울
10472,아파하는
10480,아파하다
10490,느껴지다
10505,가엽다
10508,괴롭게
10514,답답하게
10527,약하면
10534,경우
10550,하면서도
10566,임질
10595,호소
10600,악독한
10603,방법
10610,악마
10612,악몽
10614,악성
10616,악순환
10623,악
10628,받쳐서
10630,악연
10634,쓰고
10636,악의
10643,인연
10645,악플
10658,악하다
10667,첩
10669,악화
10673,좋은
10675,안심
10676,찮다
10678,안좋은
10679,상황
10681,안타까울
10687,안타까워
10689,안타까워서
10691,안타까워하는
10696,안타까워하다
10706,뉘우쳐져
10709,다가오는
10727,타다
10730,타
10733,안타깝고
10736,만족
10737,스럽지
10748,허약하여져서
10758,결핵
10773,앓아도
10807,압억되
10810,앙갚음
10814,하려고
10828,앞
10832,애달파하는
10837,애달파하다
10845,짖는
10847,애달프다
10849,애도
10852,애석
10854,애석하다
10856,애절한
10859,그리움
10861,애처로이
10863,애처롭거나
10865,애처롭게
10867,애처
10868,롭고
10874,애처롭다
10877,탄
10879,애통
10881,애통하다
10888,애통히
10907,인정이
10909,야무지지
10925,야박
10928,야박히
10930,야비하다
10932,야비한
10946,스러
10956,웃는
10958,야속
10966,야속하게
10974,야속하다
10976,야속히
10978,야유
10986,풍
10988,약간
10989,고까
10995,곯은
11003,올리거나
11007,올라
11009,약점
11011,약탈
11018,노략
11019,질하는
11025,질함
11028,얄망궃
11036,얄미운
11059,넘어다
11060,보는
11072,이죽이죽
11073,하면서
11076,흔들리거나
11078,얄밉고
11080,얄밉다
11082,얌전하지
11085,얕
11086,잡거나
11105,어긋나
11108,어긋나는
11115,어려우며
11120,고비
11124,대목
11161,일이
11173,처지
11184,어려울
11190,어려움
11195,어려워
11197,어려워서
11202,먹는
11204,어려워하는
11209,어려워하다
11211,어렵거나
11214,곤란하게
11217,곤란하다
11222,어렵게
11225,살아가는
11232,힘들여
11237,쪼들린
11241,어리석게
11250,둔한
11258,어리석어
11263,어리석어서
11265,어리석으며
11297,질문
11306,어리석음
11308,어리숙하다
11310,어줍거나
11312,어줍잖다
11314,어지간히
11319,어지러운
11324,까무러칠
11332,어쭙잖다
11334,억누루
11344,누르거나
11348,참다
11351,누르고
11360,누름
11363,눌러
11369,억눌리다
11371,억압
11382,억울하게
11389,억울하여
11391,억울한
11407,억척스럽다
11425,려고
11428,징그럽다
11436,말썽
11442,가엾게
11459,어이없다
11463,언짢아하다
11465,언짢았던
11516,언짢음
11518,언짢이
11520,언행
11525,얼얼한
11527,업귀
11534,얕보다
11538,하찮게
11541,여겨지거나
11574,여기어지거나
11580,업신여김
11587,받음
11590,모자라서
11593,멀건
11595,없애
11596,버리는
11602,버림
11606,엉터리
11609,깔보다
11621,여병추
11623,역겹다
11625,역겹도록
11628,구리
11631,역정
11647,역증
11649,역
11657,열
11660,열병
11672,열폭
11674,염려
11681,염증
11687,영정
11689,예의범절
11697,예의
11699,벗어나다
11701,오도
11706,오래
11709,오랜
11713,오염
11721,식품
11724,오용
11726,오해
11728,소지
11730,있는
11732,온갖
11733,험한
11735,온
11736,당
11740,온당
11748,옳지
11758,함을
11761,아니하다고
11769,옹골
11770,차지
11776,옹졸하다
11778,옹졸한
11813,요사
11821,술법
11841,욕망
11845,욕설
11879,당하게
11883,보이
11888,보임
11919,욕함
11921,용납
11931,우격다짐
11934,우려
11949,우악스러
11952,우악스럽게
11955,내놓는
11963,우악스럽다
11965,우울
11967,우울증
11974,하나
11980,우울하여
11982,우울하여지기
11985,쉽고
11987,우울한
11989,우중충하다
11991,우중충히
11993,운명
11995,박복함
11997,운수
11999,나빠서
12001,운
12008,흐느낄
12010,울걱
12016,울걱대다
12018,울걱울걱
12028,다니는
12030,울꺽대다
12032,울다
12044,울분
12049,울상
12056,울음
12058,울음소리
12065,터져
12067,울컥
12073,울화
12091,종알종알
12095,중얼중얼
12106,원망하는
12111,원망하다
12115,원
12144,슬핌
12177,사다
12188,맺혀서
12193,원활하지
12196,위장염
12202,위험
12207,생기거나
12209,위험하다
12211,위험한
12232,압도
12264,유죄
12266,윽박
12268,윽박다
12270,윽
12271,박지르다
12273,윽박질
12276,박질하다
12278,은혜
12280,모르는
12298,을러대어
12305,음란하다
12307,음란한
12309,음모
12311,음침한
12313,음침함
12315,음흉하고
12318,허망
12321,음흉하다
12330,목적
12337,손길
12339,의식
12340,불명
12344,잃고
12346,의심스러운
12348,의인
12350,의젓하다
12360,기적
12366,사상
12374,느물거리
12377,인격
12381,인망
12383,깎아내려
12390,인사
12391,불성
12399,인색하다
12414,여자
12417,인정
12423,흉하다고
12442,잘못
12459,되었거나
12471,자괴
12476,자기
12482,편
12488,가치
12489,작
12500,거슬리거나
12565,좀스럽고
12568,짓궂은
12570,자신
12571,에게
12577,옭
12579,묶다
12585,묶음
12589,책망
12597,자폐
12600,자해
12602,잔인하다
12614,형벌
12617,잗달
12638,써서
12641,판단
12645,잘못되
12646,기를
12647,바라면서
12669,되었을
12690,견해
12701,염탐
12706,허물
12714,대하
12722,꾸짖거나
12726,꾸짖다
12730,꾸짖음
12738,지적
12739,받거나
12746,생겨나게
12753,결함
12756,잘못하거나
12762,하다가는
12767,하면
12790,내지
12794,잡되
12802,잡
12827,따르고
12841,만나
12849,받아
12854,장애인
12856,재난
12858,재물
12873,재해
12875,입은
12882,돌림병
12885,저급한
12890,저주
12915,저질러진
12918,적대
12928,적수
12932,적절
12936,전염
12940,전전긍긍
12945,절도
12948,절망
12970,점잖이
12973,점잖지
12983,정다운
12984,맛
12988,정답
12992,정당하지
12999,정돈
13008,정신
13009,분열
13015,정신병
13020,차리고
13028,잃는다
13032,차리지
13041,정신질환
13054,아니하는
13056,제한
13064,걸위
13067,조금
13071,거
13072,추장
13073,스러워서
13084,나빠진
13124,조롱
13128,조리
13139,조상
13144,조촐하지
13148,족치는
13153,존못
13155,졸도
13172,천박하게
13175,천하다
13177,좀스러워
13197,꼬물거리
13202,꾸물거리다
13206,눈치
13220,움직이는
13242,짖궂은
13247,동
13257,혼잣말
13268,좀스럽다
13273,좆
13274,같다
13277,같이
13279,좋지
13315,않아서
13320,좌욕
13322,좌절
13337,될
13343,죄과
13353,도리어
13357,저지르다
13361,저지름
13365,주던
13369,지어
13373,지은
13377,짓거나
13379,죄범
13381,죄수
13384,스러울
13394,죄악
13401,관영
13404,관영하
13408,만을
13412,남긴
13417,악정
13420,사
13448,차
13455,가득
13468,여겨지다
13485,이라고
13489,느끼는
13491,죄업
13501,빠지게
13511,죄인
13530,주제넘고
13533,건방지다
13535,주제넘다
13537,주책
13548,주체
13551,죽고
13552,싶다
13561,죽임
13566,줏대
13569,중병
13574,재발
13578,중상
13580,중풍
13585,중
13594,즐거워하지
13603,나빠지도록
13605,증오
13611,심
13619,지겨워하다
13621,지겹게
13627,지겹다
13631,지나치게
13644,지나친
13647,성생활
13649,지독하다
13651,지옥
13653,지위
13655,얻지
13672,널려
13675,늘어져
13677,지저분하고
13682,지저분하다
13684,지저분한
13689,진저리
13696,나도록
13700,날
13702,진절머리
13708,질병
13721,질색
13726,질서
13731,나쁘고
13736,적거려
13744,적집
13749,적하
13752,짓궂게
13760,짓궂다
13810,짖궂게
13813,건드리는
13816,건드리다
13843,짜증나는
13845,짜증난
13851,니
13855,짜증스럽다
13889,쩔쩔매거나
13891,쩔쩔매는
13896,쩔쩔맴을
13898,쩝쩝
13910,탓
13913,쭈그러져
13917,찝
13918,쩍
13919,대
13922,찝찝하다
13924,착실하지
13947,착잡하거나
13952,착하지
13956,참담한
13962,참형
13970,참혹하게
13972,참혹하기
13975,짝
13979,참혹하다
13981,참혹하여
13983,참혹한
13986,모습
13992,느끼어
13994,창녀
13996,창피
14001,창
14002,피스
14003,레
14005,창피하게
14011,창피하다
14013,창피하여
14015,창피한
14021,황하
14024,채신
14039,책
14040,망하거나
14048,처량하고
14056,처량히
14058,처리
14091,나빠지다
14095,안되고
14097,처참하게
14099,처참하다
14101,천박
14106,까
14107,무스
14108,름
14112,천박하고
14118,천한
14122,철저하지
14130,체면
14132,깍이는
14136,깎이는
14140,깎
14143,초라하고
14150,초라한
14160,초상
14167,최악
14172,최좌
14174,추근대다
14176,추악해지다
14178,추잡하다
14180,추잡한
14186,추저
14192,추
14196,추하고
14198,추하다
14200,충분하지
14207,충실하지
14210,취약
14216,측은
14220,지심
14222,측은하다
14224,치밀하지
14237,치욕스럽다
14239,침울하고
14242,무겁다
14244,칼빵
14246,크게
14247,노함
14263,큰
14271,타격
14283,입어
14285,타분하다
14287,탁하다
14306,만하
14317,탐욕
14330,많아서
14332,탐
14333,탁
14338,탁하지
14347,터
14348,무니
14354,어처구니없다고
14363,고집
14370,톨톨대다
14372,통탄
14375,퉁
14385,틀리거나
14386,그릇되게
14393,파울
14395,팔자
14398,패배하다
14400,페널티
14402,편견
14404,편두통
14406,편리하지
14409,편안하지
14424,않다는
14426,편치
14430,편하지
14455,않음
14457,평온하지
14461,폐가
14465,폐결핵
14467,폐렴
14469,폐
14471,끼쳐서
14475,끼쳤을
14477,포악하다
14479,포악한
14493,폭력
14495,푸념
14501,품행
14503,단정하지
14507,풍자
14508,하였다
14510,피꺼솟
14513,눈물
14515,피부병
14522,앓아
14524,피하
14539,주거
14546,하소연
14578,내버려지거나
14602,하찮다
14625,일로
14629,에도
14642,한스럽게
14678,한숨
14684,할딱대다
14687,간섭
14695,고기
14710,꼬집거나
14713,날뜀
14716,낳다
14737,들추거나
14740,들추어
14758,사격
14762,손대거나
14765,스
14772,쓰는
14775,쓰다
14778,씀
14787,젓거나
14799,캐는
14802,캐다
14805,파내다
14825,함정
14832,합당
14848,될까
14850,해로운
14856,현상
14858,해로움
14866,해롭다
14878,끼침
14892,해쳐서
14898,해치거나
14903,해치
14906,해치려고
14908,해치려다가
14910,해칠
14912,해침
14927,건방져
14949,억척스럽고
14973,행복하지
14976,행실
15008,행패
15010,부리고
15012,행
15016,허락
15021,허랑
15029,허용
15035,접
15037,허접스럽다
15041,쓰레기
15044,접하다
15046,허찮
15050,허탕
15092,헐뜯거나
15098,헐뜯고
15104,헐뜯기
15119,헐뜯다
15121,헐뜯어
15127,헐뜯어서
15129,헐뜯으려고
15131,헐뜯음
15133,험상궂게
15135,험상궂고
15137,험상궂은
15158,험
15166,헛되이
15168,헛된
15171,명성
15181,혀
15185,현저
15187,떨어지는
15207,증
15209,협박
15225,위태롭
15230,위태롭다
15256,꾸지람
15261,비판
15264,호흡
15265,곤란
15267,혼내는
15277,빠진
15286,혼
15287,모노
15298,혼자
15308,혼쭐
15339,치밀
15342,화기
15344,화나
15351,화나고
15361,화나다
15384,벌컥
15388,스스로
15389,부름을
15391,화재
15393,확신
15395,상실
15398,환상
15403,활동
15408,활발하지
15416,황폐
15419,회복하기
15422,획기
15430,후회
15433,막심
15444,하여도
15446,훌륭하지
15449,훼방
15451,놓다
15453,휘
15455,나무라다
15457,흉괴하
15460,흉년
15463,흉망
15466,흉망스레
15468,흉몽
15470,흉물
15478,흉보다
15480,흉악
15483,망측
15494,망측하다
15497,무도
15505,범
15512,흉악하고
15536,흉악히
15538,흉
15549,흉측
15557,흉측하거나
15559,흉측하다
15561,흉측히
15564,포성
15587,헝클어져
15592,괴상한
15601,흉한
15604,몰골
15618,흉히
15620,흐
15623,흐린
15625,흑역사
15627,흠
15631,흡족하지
15632,아니하나
15640,흥글
15641,방망이
15642,놀다
15645,벙글
15651,흥미
15653,끌
15658,흥이
15659,꺾여
15661,희망
15676,희망이
15679,히
15683,히살스레
15685,힘겨웁다
15690,걸어가는
15692,힘겹다
15697,과정
15698,임
15721,힘들다
15723,힘들어지다
15728,누
15732,눌
15734,힘
15740,겹
15750,눌려
15754,벅차
15758,부쳐
15762,부치는
15765,있다
15767,공포
15770,살벌하다
15772,경악
15775,기겁
15778,기절
15781,개
15782,썅년
15784,개자식
15786,개새끼
15788,괘씸하다
15790,니미
15801,모멸
15812,터지다
15817,빌어먹을
15819,삐치
15822,삐지다
15824,삐졌다
15827,쳤다
15833,싸가지
15839,쌍년
15841,쌍놈
15843,씨부랄
15845,씹
15846,새끼
15848,우
15852,옘병할
15854,웬수
15856,잡놈
15861,곤욕
15864,난처하다
15866,낭패
15869,망연
15871,망연자실
15873,망연자실하다
15875,먹
15876,먹하다
15878,외톨이
15880,왕따
15882,찌질
15885,울부짖다
15887,절규
15890,죄송하다
15892,죄송합니다
15894,죄책감
15896,주눅
15900,짠하다
15902,찡하다
15904,착잡하다
15906,처량하다
15908,처절하다
15910,지긋지긋하다
15912,골치
15915,기진맥진하다
15917,꼴불견
15919,넌더리
15922,해괴
15925,(;_;)
15927,(^_^;
15929,(-_-)
15931,(
15932,T
15933,_
15935,)
15938,ㅡㅡ
15941,)-:
15943,:)
15945,:/
15947,:
15948,D
15950,:-
15954,P
15956,;
15957,ㅅ
15960,^-^;
15962,^-^;;
15964,^-^;;;;;
15966,-_-^
15968,가꾸러
15972,트리
15975,가념하
15978,가누기
15981,가닐가닐
15986,가드올려
15988,가래
15999,섞인
16017,가려서
16018,좋아하다
16020,가려운
16048,가로막아서
16051,채서
16056,가리지
16060,가마득하다
16062,가만있지
16066,가망
16069,가벼운
16083,가볍게
16116,쉬
16130,가쁜
16143,가스
16144,중독
16157,답답해진다
16159,가습이
16175,가엾다
16177,가위
16179,리다
16181,가증
16182,맞다
16193,가책
